location of image,Original no of persons in Density Map,Predicted no of persons in Density Map
"('IMG_1.jpg',)",1552.8653564453125,1271.0867
"('IMG_10.jpg',)",900.5523071289062,380.12988
"('IMG_100.jpg',)",368.95086669921875,272.98334
"('IMG_101.jpg',)",296.2417907714844,509.6308
"('IMG_102.jpg',)",182.06991577148438,126.58183
"('IMG_103.jpg',)",39.19670486450195,67.84186
"('IMG_104.jpg',)",357.2164306640625,310.08087
"('IMG_105.jpg',)",141.8101806640625,117.161255
"('IMG_106.jpg',)",573.58056640625,208.1266
"('IMG_107.jpg',)",118.83173370361328,189.5664
"('IMG_108.jpg',)",718.6181640625,950.2379
"('IMG_109.jpg',)",858.24169921875,637.9538
"('IMG_11.jpg',)",246.2852020263672,256.90002
"('IMG_110.jpg',)",221.56117248535156,241.5626
"('IMG_111.jpg',)",715.60400390625,311.85007
"('IMG_112.jpg',)",2641.99560546875,1812.1296
"('IMG_113.jpg',)",534.2553100585938,508.63446
"('IMG_114.jpg',)",253.50955200195312,222.6793
"('IMG_115.jpg',)",283.9403991699219,236.00307
"('IMG_116.jpg',)",607.9385986328125,312.92834
"('IMG_117.jpg',)",352.92596435546875,297.7916
"('IMG_118.jpg',)",1600.3062744140625,1188.7712
"('IMG_119.jpg',)",209.86952209472656,167.2465
"('IMG_12.jpg',)",550.3017578125,440.87408
"('IMG_120.jpg',)",2259.59521484375,1811.8909
"('IMG_121.jpg',)",150.53721618652344,101.08105
"('IMG_122.jpg',)",464.38079833984375,534.55035
"('IMG_123.jpg',)",243.33311462402344,263.03427
"('IMG_124.jpg',)",747.5908203125,391.5834
"('IMG_125.jpg',)",61.946617126464844,27.210136
"('IMG_126.jpg',)",275.88104248046875,291.73743
"('IMG_127.jpg',)",137.55250549316406,96.0587
"('IMG_128.jpg',)",1444.79296875,1215.1523
"('IMG_129.jpg',)",253.1842041015625,258.8398
"('IMG_13.jpg',)",385.04486083984375,149.62923
"('IMG_130.jpg',)",1175.0260009765625,941.7113
"('IMG_131.jpg',)",593.8275146484375,406.82477
"('IMG_132.jpg',)",198.50135803222656,413.80408
"('IMG_133.jpg',)",810.7247924804688,510.6633
"('IMG_134.jpg',)",946.669921875,567.44006
"('IMG_135.jpg',)",345.073486328125,172.27464
"('IMG_136.jpg',)",694.6055297851562,380.40683
"('IMG_137.jpg',)",1347.656005859375,1203.11
"('IMG_138.jpg',)",422.0910339355469,434.99008
"('IMG_139.jpg',)",207.94444274902344,124.15358
"('IMG_14.jpg',)",368.71942138671875,353.8019
"('IMG_140.jpg',)",354.49365234375,465.78915
"('IMG_141.jpg',)",397.7567138671875,197.99025
"('IMG_142.jpg',)",308.67669677734375,185.20746
"('IMG_143.jpg',)",1285.9775390625,846.6846
"('IMG_144.jpg',)",776.9705200195312,540.23315
"('IMG_145.jpg',)",343.25396728515625,487.76453
"('IMG_146.jpg',)",276.70416259765625,1614.8271
"('IMG_147.jpg',)",362.9730529785156,196.35123
"('IMG_148.jpg',)",97.70761108398438,148.60648
"('IMG_149.jpg',)",2042.06640625,1822.1844
"('IMG_15.jpg',)",158.50506591796875,245.04796
"('IMG_150.jpg',)",973.3232421875,623.4436
"('IMG_151.jpg',)",973.5114135742188,795.1967
"('IMG_152.jpg',)",434.8844909667969,482.70572
"('IMG_153.jpg',)",698.7037963867188,474.05817
"('IMG_154.jpg',)",203.08135986328125,227.21234
"('IMG_155.jpg',)",403.4710998535156,467.3658
"('IMG_156.jpg',)",719.6553344726562,428.82935
"('IMG_157.jpg',)",29.711111068725586,11.821237
"('IMG_158.jpg',)",314.6263427734375,221.23141
"('IMG_159.jpg',)",229.38534545898438,287.10895
"('IMG_16.jpg',)",160.834716796875,174.03911
"('IMG_160.jpg',)",222.40631103515625,355.23398
"('IMG_161.jpg',)",76.94437408447266,82.40402
"('IMG_162.jpg',)",229.6620635986328,202.25352
"('IMG_163.jpg',)",444.75750732421875,460.65802
"('IMG_164.jpg',)",645.52880859375,449.17358
"('IMG_165.jpg',)",456.17144775390625,259.789
"('IMG_166.jpg',)",883.7749633789062,755.04584
"('IMG_167.jpg',)",265.45330810546875,476.87024
"('IMG_168.jpg',)",907.1710205078125,394.13095
"('IMG_169.jpg',)",263.599609375,313.04675
"('IMG_17.jpg',)",282.62969970703125,580.0284
"('IMG_170.jpg',)",748.50634765625,725.0815
"('IMG_171.jpg',)",1390.56005859375,1090.502
"('IMG_172.jpg',)",319.3162536621094,192.99046
"('IMG_173.jpg',)",392.7463684082031,422.54016
"('IMG_174.jpg',)",162.0289764404297,223.05673
"('IMG_175.jpg',)",172.45938110351562,327.643
"('IMG_176.jpg',)",413.09368896484375,408.37036
"('IMG_177.jpg',)",574.4688110351562,568.9945
"('IMG_178.jpg',)",1148.11181640625,757.652
"('IMG_179.jpg',)",339.3288879394531,286.52957
"('IMG_18.jpg',)",278.0782470703125,193.31352
"('IMG_180.jpg',)",461.0264587402344,358.93372
"('IMG_181.jpg',)",681.0081176757812,557.07446
"('IMG_182.jpg',)",399.6427001953125,439.091
"('IMG_183.jpg',)",594.155517578125,879.70013
"('IMG_184.jpg',)",1563.391845703125,1759.0654
"('IMG_185.jpg',)",969.3561401367188,780.7111
"('IMG_186.jpg',)",1642.6361083984375,1596.491
"('IMG_187.jpg',)",402.0007019042969,374.69586
"('IMG_188.jpg',)",109.28704833984375,161.86833
"('IMG_189.jpg',)",495.74737548828125,342.4353
"('IMG_19.jpg',)",701.7493896484375,755.6021
"('IMG_190.jpg',)",268.71282958984375,161.13458
"('IMG_191.jpg',)",389.47735595703125,580.79675
"('IMG_192.jpg',)",72.40827178955078,92.858696
"('IMG_193.jpg',)",119.03726196289062,85.52686
"('IMG_194.jpg',)",292.7183532714844,245.28304
"('IMG_195.jpg',)",235.3445281982422,412.32098
"('IMG_196.jpg',)",575.3231201171875,246.7574
"('IMG_197.jpg',)",459.8807373046875,276.5819
"('IMG_198.jpg',)",346.6102600097656,286.49734
"('IMG_199.jpg',)",641.284912109375,306.39557
"('IMG_2.jpg',)",696.8145751953125,436.3596
"('IMG_20.jpg',)",405.823486328125,347.10526
"('IMG_200.jpg',)",92.34208679199219,221.9539
"('IMG_201.jpg',)",442.36480712890625,381.12085
"('IMG_202.jpg',)",210.29501342773438,244.82312
"('IMG_203.jpg',)",1940.828857421875,1210.479
"('IMG_204.jpg',)",538.2942504882812,395.36136
"('IMG_205.jpg',)",128.29693603515625,67.17573
"('IMG_206.jpg',)",307.5216064453125,320.09192
"('IMG_207.jpg',)",126.88235473632812,184.19067
"('IMG_208.jpg',)",529.4531860351562,423.89294
"('IMG_209.jpg',)",540.417236328125,383.68402
"('IMG_21.jpg',)",247.52883911132812,255.29607
"('IMG_210.jpg',)",749.56787109375,547.72314
"('IMG_211.jpg',)",184.86221313476562,141.35439
"('IMG_212.jpg',)",333.9669189453125,247.79189
"('IMG_213.jpg',)",244.1136474609375,179.21854
"('IMG_214.jpg',)",372.47259521484375,181.5903
"('IMG_215.jpg',)",294.0718688964844,170.57562
"('IMG_216.jpg',)",80.60289001464844,53.836876
"('IMG_217.jpg',)",203.525390625,79.558754
"('IMG_218.jpg',)",592.8953247070312,468.26346
"('IMG_219.jpg',)",417.6846008300781,161.94347
"('IMG_22.jpg',)",506.15936279296875,292.03458
"('IMG_220.jpg',)",302.3259582519531,355.08414
"('IMG_221.jpg',)",580.1226196289062,471.99084
"('IMG_222.jpg',)",749.23583984375,386.74893
"('IMG_223.jpg',)",269.6131286621094,393.7538
"('IMG_224.jpg',)",237.80389404296875,228.74138
"('IMG_225.jpg',)",468.0928955078125,244.3905
"('IMG_226.jpg',)",917.740478515625,682.06415
"('IMG_227.jpg',)",107.21012878417969,77.91832
"('IMG_228.jpg',)",179.27645874023438,211.5112
"('IMG_229.jpg',)",1307.49951171875,1273.8612
"('IMG_23.jpg',)",169.79080200195312,283.1505
"('IMG_230.jpg',)",329.23919677734375,222.96826
"('IMG_231.jpg',)",434.5640563964844,442.36737
"('IMG_232.jpg',)",34.5467643737793,17.582539
"('IMG_233.jpg',)",310.451171875,384.18616
"('IMG_234.jpg',)",460.197265625,489.14896
"('IMG_235.jpg',)",185.80966186523438,316.91888
"('IMG_236.jpg',)",737.3896484375,652.89374
"('IMG_237.jpg',)",982.284912109375,708.50165
"('IMG_238.jpg',)",292.9459228515625,369.0596
"('IMG_239.jpg',)",82.30062866210938,87.01012
"('IMG_24.jpg',)",157.95301818847656,150.28384
"('IMG_240.jpg',)",237.01953125,200.49103
"('IMG_241.jpg',)",103.82579040527344,272.763
"('IMG_242.jpg',)",1547.668701171875,728.7397
"('IMG_243.jpg',)",121.4526596069336,217.28003
"('IMG_244.jpg',)",196.71682739257812,118.402954
"('IMG_245.jpg',)",478.6927795410156,224.92287
"('IMG_246.jpg',)",363.7749328613281,372.5888
"('IMG_247.jpg',)",581.5025634765625,490.9342
"('IMG_248.jpg',)",396.36199951171875,217.80566
"('IMG_249.jpg',)",360.6960754394531,206.37207
"('IMG_25.jpg',)",217.8882598876953,325.924
"('IMG_250.jpg',)",468.04461669921875,271.04706
"('IMG_251.jpg',)",1194.276123046875,970.4589
"('IMG_252.jpg',)",252.47740173339844,93.305115
"('IMG_253.jpg',)",967.6937255859375,628.13086
"('IMG_254.jpg',)",574.3010864257812,465.66833
"('IMG_255.jpg',)",400.59075927734375,287.34518
"('IMG_256.jpg',)",38.969581604003906,28.768106
"('IMG_257.jpg',)",272.6773376464844,275.3104
"('IMG_258.jpg',)",815.9310302734375,760.538
"('IMG_259.jpg',)",152.41867065429688,128.61327
"('IMG_26.jpg',)",1076.019775390625,429.1725
"('IMG_260.jpg',)",564.1044311523438,470.8932
"('IMG_261.jpg',)",125.32872772216797,95.8524
"('IMG_262.jpg',)",2189.658447265625,1503.2869
"('IMG_263.jpg',)",650.5813598632812,527.96924
"('IMG_264.jpg',)",107.33175659179688,71.49215
"('IMG_265.jpg',)",69.7831039428711,144.02745
"('IMG_266.jpg',)",337.682861328125,133.2766
"('IMG_267.jpg',)",1154.955078125,682.9335
"('IMG_268.jpg',)",3128.68408203125,3894.1858
"('IMG_269.jpg',)",188.77418518066406,210.20029
"('IMG_27.jpg',)",764.3076782226562,554.43304
"('IMG_270.jpg',)",258.134521484375,323.338
"('IMG_271.jpg',)",266.55474853515625,170.77594
"('IMG_272.jpg',)",44.80426788330078,34.80548
"('IMG_273.jpg',)",359.86883544921875,322.4121
"('IMG_274.jpg',)",105.23318481445312,187.81816
"('IMG_275.jpg',)",138.3967742919922,111.70424
"('IMG_276.jpg',)",378.74822998046875,286.3678
"('IMG_277.jpg',)",203.209716796875,249.2897
"('IMG_278.jpg',)",137.72303771972656,231.16904
"('IMG_279.jpg',)",162.56500244140625,153.70541
"('IMG_28.jpg',)",803.344482421875,899.22253
"('IMG_280.jpg',)",244.87547302246094,197.08934
"('IMG_281.jpg',)",142.13294982910156,145.17842
"('IMG_282.jpg',)",450.8608093261719,205.8499
"('IMG_283.jpg',)",1415.1431884765625,1138.6604
"('IMG_284.jpg',)",728.025390625,776.2993
"('IMG_285.jpg',)",211.743896484375,187.46307
"('IMG_286.jpg',)",187.7503204345703,135.7365
"('IMG_287.jpg',)",877.3453979492188,284.87137
"('IMG_288.jpg',)",314.8021545410156,288.56638
"('IMG_289.jpg',)",354.8811340332031,411.4553
"('IMG_29.jpg',)",611.99560546875,510.35107
"('IMG_290.jpg',)",208.1803741455078,299.39572
"('IMG_291.jpg',)",426.1980895996094,220.82382
"('IMG_292.jpg',)",810.5590209960938,429.67377
"('IMG_293.jpg',)",377.9580383300781,368.08066
"('IMG_294.jpg',)",1989.047119140625,1729.4073
"('IMG_295.jpg',)",685.3602294921875,470.6389
"('IMG_296.jpg',)",499.10675048828125,292.55505
"('IMG_297.jpg',)",611.4820556640625,192.67155
"('IMG_298.jpg',)",1033.46923828125,979.83716
"('IMG_299.jpg',)",2156.648681640625,1093.6387
"('IMG_3.jpg',)",259.23480224609375,304.68997
"('IMG_30.jpg',)",616.2784423828125,588.0179
"('IMG_300.jpg',)",385.1886901855469,229.08008
"('IMG_31.jpg',)",971.226806640625,829.96027
"('IMG_32.jpg',)",228.34524536132812,261.00903
"('IMG_33.jpg',)",260.89398193359375,281.3932
"('IMG_34.jpg',)",965.1947021484375,761.2932
"('IMG_35.jpg',)",645.2802734375,396.20398
"('IMG_36.jpg',)",133.84132385253906,185.24147
"('IMG_37.jpg',)",410.2895202636719,256.26703
"('IMG_38.jpg',)",353.96380615234375,401.9841
"('IMG_39.jpg',)",407.6882629394531,436.1106
"('IMG_4.jpg',)",411.09381103515625,192.92984
"('IMG_40.jpg',)",128.7554168701172,151.03897
"('IMG_41.jpg',)",396.9320068359375,421.82187
"('IMG_42.jpg',)",132.6250457763672,144.44257
"('IMG_43.jpg',)",234.79147338867188,146.6239
"('IMG_44.jpg',)",282.6955261230469,186.58281
"('IMG_45.jpg',)",752.7197265625,513.68616
"('IMG_46.jpg',)",794.0332641601562,875.47296
"('IMG_47.jpg',)",365.62030029296875,660.1533
"('IMG_48.jpg',)",742.5341796875,428.01108
"('IMG_49.jpg',)",492.7725830078125,435.95538
"('IMG_5.jpg',)",579.693359375,431.01273
"('IMG_50.jpg',)",2327.6748046875,1953.2394
"('IMG_51.jpg',)",568.1815185546875,372.21707
"('IMG_52.jpg',)",1136.8997802734375,1039.8584
"('IMG_53.jpg',)",255.70599365234375,306.74112
"('IMG_54.jpg',)",506.1903076171875,640.80066
"('IMG_55.jpg',)",203.11912536621094,267.54498
"('IMG_56.jpg',)",622.7223510742188,703.07764
"('IMG_57.jpg',)",300.9552001953125,241.5442
"('IMG_58.jpg',)",1586.0438232421875,1191.7408
"('IMG_59.jpg',)",259.3648681640625,210.9505
"('IMG_6.jpg',)",549.1744995117188,264.3506
"('IMG_60.jpg',)",278.24139404296875,201.13036
"('IMG_61.jpg',)",84.34135437011719,161.10683
"('IMG_62.jpg',)",637.9048461914062,670.96704
"('IMG_63.jpg',)",238.51063537597656,219.83934
"('IMG_64.jpg',)",210.37606811523438,154.46875
"('IMG_65.jpg',)",423.31524658203125,333.22885
"('IMG_66.jpg',)",847.34912109375,487.00714
"('IMG_67.jpg',)",160.1434783935547,245.69409
"('IMG_68.jpg',)",195.83074951171875,54.533947
"('IMG_69.jpg',)",364.3756103515625,495.86865
"('IMG_7.jpg',)",1658.2816162109375,1238.7137
"('IMG_70.jpg',)",415.8355712890625,476.36386
"('IMG_71.jpg',)",553.350830078125,448.68594
"('IMG_72.jpg',)",266.17352294921875,431.514
"('IMG_73.jpg',)",317.7463684082031,559.3623
"('IMG_74.jpg',)",412.6670227050781,255.43457
"('IMG_75.jpg',)",288.92559814453125,346.96942
"('IMG_76.jpg',)",681.9386596679688,790.21027
"('IMG_77.jpg',)",138.04776000976562,99.13366
"('IMG_78.jpg',)",114.48954010009766,287.76736
"('IMG_79.jpg',)",2013.5888671875,1472.9481
"('IMG_8.jpg',)",142.8634033203125,81.74195
"('IMG_80.jpg',)",197.31533813476562,154.61314
"('IMG_81.jpg',)",289.70361328125,354.1204
"('IMG_82.jpg',)",235.86810302734375,508.1144
"('IMG_83.jpg',)",579.1979370117188,514.4852
"('IMG_84.jpg',)",2118.219482421875,1254.4169
"('IMG_85.jpg',)",263.5850830078125,151.5893
"('IMG_86.jpg',)",250.20669555664062,184.47943
"('IMG_87.jpg',)",623.8301391601562,520.9372
"('IMG_88.jpg',)",293.6692199707031,182.3032
"('IMG_89.jpg',)",238.77828979492188,138.46997
"('IMG_9.jpg',)",186.2836456298828,168.1375
"('IMG_90.jpg',)",99.98844909667969,126.11214
"('IMG_91.jpg',)",313.03900146484375,322.51642
"('IMG_92.jpg',)",2635.32275390625,1214.0258
"('IMG_93.jpg',)",269.52935791015625,326.38358
"('IMG_94.jpg',)",2212.93701171875,1613.2407
"('IMG_95.jpg',)",554.2551879882812,784.1834
"('IMG_96.jpg',)",493.18682861328125,421.50577
"('IMG_97.jpg',)",215.32266235351562,106.1257
"('IMG_98.jpg',)",310.56219482421875,211.39824
"('IMG_99.jpg',)",427.2650146484375,467.89035
